,nombre_embalse,demarcacion_hidrografica,ccaa,provincia,uso,coordenadas,x,y
0,"aceña, la",tajo,Castilla Y León,Ávila,"Abastecimiento
Defensa frente avenidas","40.6125237900001,-4.22148248499997","40,6125237900001","-4,22148248499997"
1,"agrio, el",guadalquivir,Andalucía,Sevilla,"Abastecimiento
Defensa frente avenidas","37.5322020510001,-6.28346466799997","37,5322020510001","-6,28346466799997"
2,aguascebas,guadalquivir,Andalucía,Jaén,Abastecimiento,"38.0435042350001,-2.95222543699992","38,0435042350001","-2,95222543699992"
3,agueda,duero,Castilla Y León,Salamanca,"Abastecimiento
Ganadero
Defensa frente avenidas","40.529781939,-6.48161367799997","40,529781939","-6,48161367799997"
4,"aguijon, el",guadiana,Extremadura,Badajoz,Abastecimiento,"38.473447859,-6.92088528799997","38,473447859","-6,92088528799997"
5,aguilar de campoo,duero,Castilla Y León,Palencia,"Abastecimiento
Minería
Industrial
Hidroeléctrico
Ganadero
Defensa frente avenidas","42.7950910920001,-4.28734412199998","42,7950910920001","-4,28734412199998"
6,alange,guadiana,Extremadura,Badajoz,"Abastecimiento
Ganadero
Defensa frente avenidas","38.7874608500001,-6.26830306899996","38,7874608500001","-6,26830306899996"
7,alarcon,jucar,Castilla - La Mancha,Cuenca,"Abastecimiento
Hidroeléctrico
Ganadero
Defensa frente avenidas","39.5643548690001,-2.11225016699996","39,5643548690001","-2,11225016699996"
8,albarellos,miño-sil,Galicia,Ourense,"Abastecimiento
Defensa frente avenidas","42.3997502070001,-8.19041297799993","42,3997502070001","-8,19041297799993"
9,alcorlo,tajo,Castilla - La Mancha,Guadalajara,"Abastecimiento
Defensa frente avenidas","41.008581625,-3.02478278699994","41,008581625","-3,02478278699994"
10,aldeadavila,duero,Castilla Y León,Salamanca,Abastecimiento,"41.211678448,-6.68578589399993","41,211678448","-6,68578589399993"
11,alfonso xiii,segura,Región De Murcia,Murcia,"Abastecimiento
Defensa frente avenidas","38.2232084,-1.59952768299996","38,2232084","-1,59952768299996"
12,algar,jucar,Comunitat Valenciana,"València,Valencia","Abastecimiento
Defensa frente avenidas","39.787914266,-0.37682482699995","39,787914266","-0,37682482699995"
13,"algeciras, rambla de",segura,Región De Murcia,Murcia,"Abastecimiento
Defensa frente avenidas","37.887515039,-1.38566705299996","37,887515039","-1,38566705299996"
14,alloz,ebro,Comunidad Foral De Navarra,Navarra,"Abastecimiento
Defensa frente avenidas","42.70627432,-1.94249903099995","42,70627432","-1,94249903099995"
15,almendra,duero,Castilla Y León,Zamora,Abastecimiento,"41.2714941880001,-6.32020866599993","41,2714941880001","-6,32020866599993"
16,almodovar,guadalete y barbate,Andalucía,Cádiz,"Abastecimiento
Defensa frente avenidas","36.1536149680001,-5.64973106899993","36,1536149680001","-5,64973106899993"
17,almoguera,tajo,Castilla - La Mancha,Guadalajara,"Abastecimiento
Ganadero
Defensa frente avenidas","40.2743056580001,-2.95882007899996","40,2743056580001","-2,95882007899996"
18,alsa torina,cantabrico occidental,Cantabria,Cantabria,Abastecimiento,"43.0720798520001,-4.01289343399998","43,0720798520001","-4,01289343399998"
19,amadorio,jucar,Comunitat Valenciana,"Alacant,Alicante","Abastecimiento
Defensa frente avenidas","38.5337220420001,-0.264786822999952","38,5337220420001","-0,264786822999952"
20,andevalo,guadiana,Andalucía,Huelva,Abastecimiento,"37.6251957920001,-7.40050286999997","37,6251957920001","-7,40050286999997"
21,aracena,guadalquivir,Andalucía,Huelva,Abastecimiento,"37.9078896870001,-6.45184509099994","37,9078896870001","-6,45184509099994"
22,arbon,cantabrico occidental,Principado De Asturias,Asturias,Abastecimiento,"43.4770926850001,-6.73016840999998","43,4770926850001","-6,73016840999998"
23,arcos,guadalete y barbate,Andalucía,Cádiz,"Abastecimiento
Defensa frente avenidas","36.7513393790001,-5.79558309999993","36,7513393790001","-5,79558309999993"
24,arenos,jucar,Comunitat Valenciana,"Castelló,Castellón","Abastecimiento
Defensa frente avenidas","40.086011408,-0.548482762999924","40,086011408","-0,548482762999924"
25,arenoso,guadalquivir,Andalucía,Córdoba,"Abastecimiento
Defensa frente avenidas","38.0210076590001,-4.44123809399997","38,0210076590001","-4,44123809399997"
26,argos,segura,Región De Murcia,Murcia,"Abastecimiento
Defensa frente avenidas","38.1723978200001,-1.73353032399996","38,1723978200001","-1,73353032399996"
27,arlanzon,duero,Castilla Y León,Burgos,"Abastecimiento
Ganadero
Defensa frente avenidas","42.263942951,-3.33957144699997","42,263942951","-3,33957144699997"
28,arquillo de san blas,jucar,Aragón,Teruel,"Abastecimiento
Hidroeléctrico
Ganadero
Defensa frente avenidas","40.3639950640001,-1.20489484199993","40,3639950640001","-1,20489484199993"
29,"atance, el",tajo,Castilla - La Mancha,Guadalajara,"Abastecimiento
Ganadero
Defensa frente avenidas","41.075332577,-2.78506228099997","41,075332577","-2,78506228099997"
30,"atazar, el",tajo,Comunidad De Madrid,Madrid,"Abastecimiento
Ganadero
Defensa frente avenidas","40.9119621410001,-3.47348717199998","40,9119621410001","-3,47348717199998"
31,azutan,tajo,Castilla - La Mancha,Toledo,"Abastecimiento
Defensa frente avenidas","39.7779346240001,-5.08911715899995","39,7779346240001","-5,08911715899995"
32,añarbe,cantabrico oriental,País Vasco,"Gipuzkoa,Guipúzcoa",Abastecimiento,"43.21230153,-1.87524544699994","43,21230153","-1,87524544699994"
33,bachimaña alto,ebro,Aragón,Huesca,"Abastecimiento
Defensa frente avenidas","42.782028102,-0.223491101999969","42,782028102","-0,223491101999969"
34,"baells, la",cuencas internas de cataluña,Cataluña,Barcelona,"Abastecimiento
Hidroeléctrico
Ganadero
Defensa frente avenidas","42.121967372,1.87834263000002","42,121967372","1,87834263000002"
35,barasona,ebro,Aragón,Huesca,"Abastecimiento
Ganadero
Defensa frente avenidas","42.124230776,0.311147826000024","42,124230776","0,311147826000024"
36,barbate,guadalete y barbate,Andalucía,Cádiz,Abastecimiento,"36.37044293,-5.74144173299993","36,37044293","-5,74144173299993"
37,barcena,miño-sil,Castilla Y León,León,"Abastecimiento
Hidroeléctrico
Ganadero
Defensa frente avenidas","42.577466988,-6.56029138499997","42,577466988","-6,56029138499997"
38,barrie de la maza,galicia-costa,Galicia,A Coruña,Abastecimiento,"42.8649691900001,-8.79707815799998","42,8649691900001","-8,79707815799998"
39,barrios de luna,duero,Castilla Y León,León,"Abastecimiento
Ganadero
Defensa frente avenidas","42.8497176120001,-5.86372470099997","42,8497176120001","-5,86372470099997"
40,baserca,ebro,Cataluña,Lleida,"Hidroeléctrico
Defensa frente avenidas","42.578713312,0.758746737000024","42,578713312","0,758746737000024"
41,"bautista, la",guadalquivir,Andalucía,Sevilla,Abastecimiento,"37.6571849600001,-5.63911754499998","37,6571849600001","-5,63911754499998"
42,"bayco, rambla de",segura,Castilla - La Mancha,Albacete,Abastecimiento,"38.6400374940001,-1.50110869599996","38,6400374940001","-1,50110869599996"
43,baños de montemayor,tajo,Extremadura,Cáceres,Abastecimiento,"40.281682582,-5.89538451999994","40,281682582","-5,89538451999994"
44,belesar,miño-sil,Galicia,Lugo,"Abastecimiento
Hidroeléctrico
Ganadero
Defensa frente avenidas","42.6287771620001,-7.71239387399993","42,6287771620001","-7,71239387399993"
45,beleña,tajo,Castilla - La Mancha,Guadalajara,Abastecimiento,"40.9338651420001,-3.19600748099998","40,9338651420001","-3,19600748099998"
46,bellus,jucar,Comunitat Valenciana,"València,Valencia","Abastecimiento
Defensa frente avenidas","38.939709044,-0.477464632999954","38,939709044","-0,477464632999954"
47,bembezar,guadalquivir,Andalucía,Córdoba,Abastecimiento,"37.8247225110001,-5.23720810199995","37,8247225110001","-5,23720810199995"
48,beniarres,jucar,Comunitat Valenciana,"Alacant,Alicante",Abastecimiento,"38.8149169910001,-0.356155444999956","38,8149169910001","-0,356155444999956"
49,"bermejales, los",guadalquivir,Andalucía,Granada,"Abastecimiento
Ganadero
Defensa frente avenidas","36.996064807,-3.89363361899996","36,996064807","-3,89363361899996"
50,beznar,cuencas mediterraneas andaluzas,Andalucía,Granada,"Abastecimiento
Ganadero
Defensa frente avenidas","36.9152042690001,-3.54016190699997","36,9152042690001","-3,54016190699997"
51,bolarque,tajo,Castilla - La Mancha,Guadalajara,"Abastecimiento
Defensa frente avenidas","40.363245856,-2.81868119299997","40,363245856","-2,81868119299997"
52,"bolera, la",guadalquivir,Andalucía,Jaén,"Abastecimiento
Defensa frente avenidas","37.7622489710001,-2.90313354799997","37,7622489710001","-2,90313354799997"
53,boqueron,guadiana,Extremadura,Badajoz,Abastecimiento,"39.1511076260001,-6.41827824299997","39,1511076260001","-6,41827824299997"
54,borbollon,tajo,Extremadura,Cáceres,"Abastecimiento
Ganadero
Defensa frente avenidas","40.1253008750001,-6.57693620899994","40,1253008750001","-6,57693620899994"
55,bornos,guadalete y barbate,Andalucía,Cádiz,"Abastecimiento
Defensa frente avenidas","36.7905754980001,-5.76131138199997","36,7905754980001","-5,76131138199997"
56,brovales,guadiana,Extremadura,Badajoz,Abastecimiento,"38.345277652,-6.69588046499996","38,345277652","-6,69588046499996"
57,bubal,ebro,Aragón,Huesca,"Abastecimiento
Ganadero
Defensa frente avenidas","42.68098159,-0.315761256999963","42,68098159","-0,315761256999963"
58,buendia,tajo,Castilla - La Mancha,Cuenca,"Abastecimiento
Hidroeléctrico
Ganadero
Defensa frente avenidas","40.3992227420001,-2.78382182099995","40,3992227420001","-2,78382182099995"
59,"bujeda, la",tajo,Castilla - La Mancha,Guadalajara,"Abastecimiento
Defensa frente avenidas","40.244500658,-2.83518801499997","40,244500658","-2,83518801499997"
60,burgomillodo,duero,Castilla Y León,Segovia,Abastecimiento,"41.337311189,-3.88541240699993","41,337311189","-3,88541240699993"
61,"burguillo, el",tajo,Castilla Y León,Ávila,"Abastecimiento
Ganadero
Defensa frente avenidas","40.424680815,-4.53392339099997","40,424680815","-4,53392339099997"
62,cala,guadalquivir,Andalucía,Sevilla,"Abastecimiento
Ganadero
Hidroeléctrico","37.7222268940001,-6.08896625199998","37,7222268940001","-6,08896625199998"
63,calanda,ebro,Aragón,Teruel,"Abastecimiento
Ganadero
Defensa frente avenidas","40.9154746140001,-0.211212751999938","40,9154746140001","-0,211212751999938"
64,caldas de reis,galicia-costa,Galicia,Pontevedra,"Abastecimiento
Ganadero
Defensa frente avenidas","42.608002556,-8.61626161099997","42,608002556","-8,61626161099997"
65,camarasa,ebro,Cataluña,Lleida,"Abastecimiento
Defensa frente avenidas","41.9079463640001,0.88683086900005","41,9079463640001","0,88683086900005"
66,camarillas,segura,Castilla - La Mancha,Albacete,"Abastecimiento
Defensa frente avenidas","38.3399580770001,-1.64879497099997","38,3399580770001","-1,64879497099997"
67,"campañana, la",miño-sil,Castilla Y León,León,Abastecimiento,"42.498086748,-6.76967359799994","42,498086748","-6,76967359799994"
68,camporredondo,duero,Castilla Y León,Palencia,"Abastecimiento
Hidroeléctrico
Ganadero
Defensa frente avenidas","42.8991049300001,-4.73748905099995","42,8991049300001","-4,73748905099995"
69,campos del paraiso,guadiana,Castilla - La Mancha,Cuenca,Abastecimiento,"39.974474851,-2.73818245399997","39,974474851","-2,73818245399997"
70,canales,guadalquivir,Andalucía,Granada,"Abastecimiento
Ganadero
Defensa frente avenidas","37.1604689060001,-3.48047606499995","37,1604689060001","-3,48047606499995"
71,"canchales, los",guadiana,Extremadura,Badajoz,"Abastecimiento
Defensa frente avenidas","38.964354455,-6.52263624799997","38,964354455","-6,52263624799997"
72,cancho del fresno,guadiana,Extremadura,Cáceres,"Abastecimiento
Hidroeléctrico
Ganadero
Defensa frente avenidas","39.3931095610001,-5.39044150299998","39,3931095610001","-5,39044150299998"
73,canelles,ebro,Aragón,Huesca,Abastecimiento,"41.9785559910001,0.612325865000059","41,9785559910001","0,612325865000059"
74,casares de arbas,duero,Castilla Y León,León,"Abastecimiento
Defensa frente avenidas","42.92752926,-5.75913376799997","42,92752926","-5,75913376799997"
75,casasola,cuencas mediterraneas andaluzas,Andalucía,Málaga,"Abastecimiento
Defensa frente avenidas","36.80441203,-4.49571219199993","36,80441203","-4,49571219199993"
76,caspe,ebro,Aragón,Zaragoza,"Hidroeléctrico
Defensa frente avenidas","41.2470170710001,-0.057856813999933","41,2470170710001","-0,057856813999933"
77,caspe ii,ebro,Aragón,Zaragoza,"Abastecimiento
Ganadero
Defensa frente avenidas","41.1358789010001,0.000636272000065","41,1358789010001","0,000636272000065"
78,castilseras,guadiana,Castilla - La Mancha,Ciudad Real,"Abastecimiento
Defensa frente avenidas","38.738908709,-4.80134611699998","38,738908709","-4,80134611699998"
79,castrejon,tajo,Castilla - La Mancha,Toledo,"Abastecimiento
Defensa frente avenidas","39.833565075,-4.29494820899993","39,833565075","-4,29494820899993"
80,castrelo de miño,miño-sil,Galicia,Ourense,"Abastecimiento
Defensa frente avenidas","42.2925003490001,-8.11641027099995","42,2925003490001","-8,11641027099995"
81,castro,duero,Castilla Y León,Zamora,Abastecimiento,"41.57537726,-6.18722467599997","41,57537726","-6,18722467599997"
82,castro de las cogotas,duero,Castilla Y León,Ávila,"Abastecimiento
Hidroeléctrico
Ganadero
Defensa frente avenidas","40.7245279160001,-4.69718935299994","40,7245279160001","-4,69718935299994"
83,"castro, el",tajo,Castilla - La Mancha,Toledo,Abastecimiento,"39.8064449990001,-3.75294972199993","39,8064449990001","-3,75294972199993"
84,cavallers,ebro,Cataluña,Lleida,Hidroeléctrico,"42.58555584,0.854115437000075","42,58555584","0,854115437000075"
85,cazalegas,tajo,Castilla - La Mancha,Toledo,"Abastecimiento
Defensa frente avenidas","40.01298709,-4.70624804799996","40,01298709","-4,70624804799996"
86,cedillo,tajo,Extremadura,Cáceres,Abastecimiento,"39.663782181,-7.53999733599994","39,663782181","-7,53999733599994"
87,celemin,guadalete y barbate,Andalucía,Cádiz,Abastecimiento,"36.299322019,-5.77443215499994","36,299322019","-5,77443215499994"
88,"cenajo, el",segura,Región De Murcia,Murcia,"Abastecimiento
Defensa frente avenidas","38.3655522450001,-1.77603645999994","38,3655522450001","-1,77603645999994"
89,cenza,miño-sil,Galicia,Ourense,Abastecimiento,"42.1958472700001,-7.24682463199997","42,1958472700001","-7,24682463199997"
90,cernadilla,duero,Castilla Y León,Zamora,"Abastecimiento
Defensa frente avenidas","42.0191548230001,-6.45932291799994","42,0191548230001","-6,45932291799994"
91,cervera,duero,Castilla Y León,Palencia,"Abastecimiento
Industrial
Hidroeléctrico
Ganadero
Defensa frente avenidas","42.8660505030001,-4.52768060999995","42,8660505030001","-4,52768060999995"
92,chandreja,miño-sil,Galicia,Ourense,Hidroeléctrico,"42.26297501,-7.38654057899993","42,26297501","-7,38654057899993"
93,chanza,guadiana,Andalucía,Huelva,"Abastecimiento
Ganadero
Defensa frente avenidas","37.5584664020001,-7.52075869499993","37,5584664020001","-7,52075869499993"
94,charco redondo,cuencas mediterraneas andaluzas,Andalucía,Cádiz,"Abastecimiento
Ganadero
Defensa frente avenidas","36.2322004530001,-5.54416164299994","36,2322004530001","-5,54416164299994"
95,"cierva, la",segura,Región De Murcia,Murcia,"Abastecimiento
Defensa frente avenidas","38.0602631900001,-1.48765333199998","38,0602631900001","-1,48765333199998"
96,cijara,guadiana,Extremadura,Cáceres,"Abastecimiento
Hidroeléctrico
Ganadero
Defensa frente avenidas","39.373622884,-5.01612487499995","39,373622884","-5,01612487499995"
97,ciurana,ebro,Cataluña,Tarragona,"Abastecimiento
Defensa frente avenidas","41.2495806650001,0.913874355000075","41,2495806650001","0,913874355000075"
98,colomera,guadalquivir,Andalucía,Granada,"Abastecimiento
Ganadero
Defensa frente avenidas","37.3996522370001,-3.72326104199993","37,3996522370001","-3,72326104199993"
99,compuerto,duero,Castilla Y León,Palencia,"Abastecimiento
Minería
Industrial
Hidroeléctrico
Ganadero
Defensa frente avenidas","42.860854868,-4.82693537899996","42,860854868","-4,82693537899996"
100,"concepcion, la",cuencas mediterraneas andaluzas,Andalucía,Málaga,Abastecimiento,"36.535398366,-4.96075456799997","36,535398366","-4,96075456799997"
101,"conchas, las",miño-sil,Galicia,Ourense,Abastecimiento,"41.944252453,-8.03492920899993","41,944252453","-8,03492920899993"
102,conde de guadalhorce,cuencas mediterraneas andaluzas,Andalucía,Málaga,Abastecimiento,"36.9333016160001,-4.80374890499996","36,9333016160001","-4,80374890499996"
103,contreras,jucar,Comunitat Valenciana,"València,Valencia","Abastecimiento
Ganadero
Defensa frente avenidas","39.5435634520001,-1.50316294099997","39,5435634520001","-1,50316294099997"
104,cordobilla,guadalquivir,Andalucía,Sevilla,"Hidroeléctrico
Defensa frente avenidas","37.3492563180001,-4.72116142999994","37,3492563180001","-4,72116142999994"
105,cortes ii,jucar,Comunitat Valenciana,"València,Valencia",Abastecimiento,"39.261640399,-0.918337680999969","39,261640399","-0,918337680999969"
106,corumbel bajo,"tinto, odiel y piedras",Andalucía,Huelva,"Abastecimiento
Defensa frente avenidas","37.449084574,-6.57274195299993","37,449084574","-6,57274195299993"
107,crevillente,segura,Comunitat Valenciana,"Alacant,Alicante",Abastecimiento,"38.2573070890001,-0.791022540999961","38,2573070890001","-0,791022540999961"
108,cubilar,guadiana,Extremadura,Cáceres,"Abastecimiento
Defensa frente avenidas","39.237347379,-5.47071172699998","39,237347379","-5,47071172699998"
109,cubillas,guadalquivir,Andalucía,Granada,Abastecimiento,"37.274509489,-3.68317058099996","37,274509489","-3,68317058099996"
110,cuerda del pozo,duero,Castilla Y León,Soria,"Abastecimiento
Ganadero
Defensa frente avenidas","41.875818591,-2.70401966899993","41,875818591","-2,70401966899993"
111,cueva foradada,ebro,Aragón,Teruel,"Abastecimiento
Ganadero
Defensa frente avenidas","40.9872073600001,-0.692681022999977","40,9872073600001","-0,692681022999977"
112,cuevas de almanzora,cuencas mediterraneas andaluzas,Andalucía,Almería,"Abastecimiento
Ganadero
Defensa frente avenidas","37.3275930070001,-1.89673564999993","37,3275930070001","-1,89673564999993"
113,darnius boadella,cuencas internas de cataluña,Cataluña,Girona,"Abastecimiento
Ganadero
Defensa frente avenidas","42.33781463,2.82696870100006","42,33781463","2,82696870100006"
114,doiras,cantabrico occidental,Principado De Asturias,Asturias,Abastecimiento,"43.385947786,-6.82525303699992","43,385947786","-6,82525303699992"
115,ebro,ebro,Cantabria,Cantabria,"Abastecimiento
Ganadero
Defensa frente avenidas","42.969946861,-4.05169448199996","42,969946861","-4,05169448199996"
116,encinarejo,guadalquivir,Andalucía,Jaén,"Hidroeléctrico
Defensa frente avenidas","38.164548686,-3.99287874699996","38,164548686","-3,99287874699996"
117,entrepeñas,tajo,Castilla - La Mancha,Guadalajara,"Abastecimiento
Hidroeléctrico
Ganadero
Defensa frente avenidas","40.4930851390001,-2.75082189599993","40,4930851390001","-2,75082189599993"
118,escales,ebro,Aragón,Huesca,Hidroeléctrico,"42.326356092,0.744016995000038","42,326356092","0,744016995000038"
119,escalona,jucar,Comunitat Valenciana,"València,Valencia",Abastecimiento,"39.1285075870001,-0.698314119999964","39,1285075870001","-0,698314119999964"
120,escarra,ebro,Aragón,Huesca,Abastecimiento,"42.7450247100001,-0.352936039999975","42,7450247100001","-0,352936039999975"
121,eugui,ebro,Comunidad Foral De Navarra,Navarra,"Abastecimiento
Defensa frente avenidas","42.9720260930001,-1.51442096399995","42,9720260930001","-1,51442096399995"
122,eume,galicia-costa,Galicia,A Coruña,Abastecimiento,"43.4071984460001,-8.01105708299997","43,4071984460001","-8,01105708299997"
123,"ferial, el",ebro,Comunidad Foral De Navarra,Navarra,Abastecimiento,"42.2903109210001,-1.58668498599997","42,2903109210001","-1,58668498599997"
124,"fernandina, la",guadalquivir,Andalucía,Jaén,Abastecimiento,"38.179645624,-3.57022439999997","38,179645624","-3,57022439999997"
125,finisterre,tajo,Castilla - La Mancha,Toledo,"Abastecimiento
Defensa frente avenidas","39.649443492,-3.65015487999995","39,649443492","-3,65015487999995"
126,forata,jucar,Comunitat Valenciana,"València,Valencia",Abastecimiento,"39.340702734,-0.86476747599994","39,340702734","-0,86476747599994"
127,francisco abellan,guadalquivir,Andalucía,Granada,Abastecimiento,"37.3127246610001,-3.25361574599998","37,3127246610001","-3,25361574599998"
128,"fresneda, la",guadalquivir,Castilla - La Mancha,Ciudad Real,Abastecimiento,"38.558512121,-3.62973097799994","38,558512121","-3,62973097799994"
129,frieira,miño-sil,Galicia,Ourense,"Abastecimiento
Defensa frente avenidas","42.1557461190001,-8.19287681099996","42,1557461190001","-8,19287681099996"
130,fuensanta,segura,Castilla - La Mancha,Albacete,"Abastecimiento
Ganadero
Defensa frente avenidas","38.3912491360001,-2.20834281199996","38,3912491360001","-2,20834281199996"
131,gabriel y galan,tajo,Extremadura,Cáceres,"Abastecimiento
Defensa frente avenidas","40.2212708710001,-6.13324221599993","40,2212708710001","-6,13324221599993"
132,garcia de sola,guadiana,Extremadura,Badajoz,"Abastecimiento
Hidroeléctrico
Ganadero
Defensa frente avenidas","39.144361067,-5.18441797299994","39,144361067","-5,18441797299994"
133,gargaligas,guadiana,Extremadura,Badajoz,"Abastecimiento
Defensa frente avenidas","39.1890571110001,-5.35996145499996","39,1890571110001","-5,35996145499996"
134,gasset,guadiana,Castilla - La Mancha,Ciudad Real,"Abastecimiento
Defensa frente avenidas","39.1285987630001,-3.93764624399995","39,1285987630001","-3,93764624399995"
135,gergal,guadalquivir,Andalucía,Sevilla,Abastecimiento,"37.5672733050001,-6.04905378099994","37,5672733050001","-6,04905378099994"
136,giribaile,guadalquivir,Andalucía,Jaén,"Abastecimiento
Defensa frente avenidas","38.0911996560001,-3.51273384599995","38,0911996560001","-3,51273384599995"
137,gonzalez lacasa,ebro,La Rioja,La Rioja,"Abastecimiento
Ganadero
Defensa frente avenidas","42.1737805980001,-2.67275261299994","42,1737805980001","-2,67275261299994"
138,"grado i, el",ebro,Aragón,Huesca,"Abastecimiento
Ganadero
Defensa frente avenidas","42.1511967980001,0.234452975000067","42,1511967980001","0,234452975000067"
139,guadalcacin ii,guadalete y barbate,Andalucía,Cádiz,"Abastecimiento
Defensa frente avenidas","36.6680511050001,-5.78680409799995","36,6680511050001","-5,78680409799995"
140,guadalen,guadalquivir,Andalucía,Jaén,"Abastecimiento
Ganadero
Defensa frente avenidas","38.1615276140001,-3.47795410699996","38,1615276140001","-3,47795410699996"
141,guadalest,jucar,Comunitat Valenciana,"Alacant,Alicante","Abastecimiento
Defensa frente avenidas","38.679938329,-0.19178029699998","38,679938329","-0,19178029699998"
142,guadalhorce,cuencas mediterraneas andaluzas,Andalucía,Málaga,"Abastecimiento
Ganadero
Defensa frente avenidas","36.9414313670001,-4.79782087299998","36,9414313670001","-4,79782087299998"
143,guadalmellato,guadalquivir,Andalucía,Córdoba,"Abastecimiento
Ganadero
Defensa frente avenidas","38.0420292630001,-4.67345434199996","38,0420292630001","-4,67345434199996"
144,guadalmena,guadalquivir,Andalucía,Jaén,"Abastecimiento
Ganadero
Defensa frente avenidas","38.3634923170001,-2.91397881899996","38,3634923170001","-2,91397881899996"
145,guadalteba,cuencas mediterraneas andaluzas,Andalucía,Málaga,"Abastecimiento
Ganadero
Defensa frente avenidas","36.9401923770001,-4.80047539999993","36,9401923770001","-4,80047539999993"
146,guadarranque,cuencas mediterraneas andaluzas,Andalucía,Cádiz,"Abastecimiento
Ganadero
Defensa frente avenidas","36.3087665890001,-5.46145982799993","36,3087665890001","-5,46145982799993"
147,guadiloba,tajo,Extremadura,Cáceres,Abastecimiento,"39.487293193,-6.29761917899998","39,487293193","-6,29761917899998"
148,guajaraz,tajo,Castilla - La Mancha,Toledo,Abastecimiento,"39.7999260600001,-4.08754612399997","39,7999260600001","-4,08754612399997"
149,guiamets,ebro,Cataluña,Tarragona,Abastecimiento,"41.098764213,0.751588232000074","41,098764213","0,751588232000074"
150,horno tejero,guadiana,Extremadura,Badajoz,Abastecimiento,"39.1524666400001,-6.43288892199996","39,1524666400001","-6,43288892199996"
151,huesna,guadalquivir,Andalucía,Sevilla,"Abastecimiento
Ganadero
Defensa frente avenidas","37.769635302,-5.68521394399994","37,769635302","-5,68521394399994"
152,"hurones, los",guadalete y barbate,Andalucía,Cádiz,"Abastecimiento
Ganadero
Defensa frente avenidas","36.6613705560001,-5.56192533699993","36,6613705560001","-5,56192533699993"
153,ibai-eder,cantabrico oriental,País Vasco,"Gipuzkoa,Guipúzcoa",Abastecimiento,"43.1287549570001,-2.22691844199994","43,1287549570001","-2,22691844199994"
154,ibon de ip,ebro,Aragón,Huesca,Hidroeléctrico,"42.7228732190001,-0.462683542999969","42,7228732190001","-0,462683542999969"
155,irabia,ebro,Comunidad Foral De Navarra,Navarra,"Abastecimiento
Ganadero
Defensa frente avenidas","42.9849261200001,-1.15747190799993","42,9849261200001","-1,15747190799993"
156,irueña,duero,Castilla Y León,Salamanca,"Abastecimiento
Hidroeléctrico
Ganadero
Defensa frente avenidas","40.4443173830001,-6.57938884699996","40,4443173830001","-6,57938884699996"
157,itoiz,ebro,Comunidad Foral De Navarra,Navarra,"Abastecimiento
Ganadero
Defensa frente avenidas","42.802482335,-1.36089896199996","42,802482335","-1,36089896199996"
158,iznajar,guadalquivir,Andalucía,Córdoba,"Abastecimiento
Ganadero
Defensa frente avenidas","37.276152972,-4.38687256899993","37,276152972","-4,38687256899993"
159,jandula,guadalquivir,Andalucía,Jaén,"Abastecimiento
Ganadero
Defensa frente avenidas","38.2247732230001,-3.97405826899995","38,2247732230001","-3,97405826899995"
160,"jarosa, la",tajo,Comunidad De Madrid,Madrid,"Abastecimiento
Defensa frente avenidas","40.6649699230001,-4.11756322999997","40,6649699230001","-4,11756322999997"
161,jarrama,"tinto, odiel y piedras",Andalucía,Huelva,"Abastecimiento
Defensa frente avenidas","37.667643459,-6.50982948899997","37,667643459","-6,50982948899997"
162,jerte,tajo,Extremadura,Cáceres,"Abastecimiento
Defensa frente avenidas","40.060599917,-6.04259896399998","40,060599917","-6,04259896399998"
163,jose bautista,segura,Región De Murcia,Murcia,Abastecimiento,"37.8754537890001,-1.31662193299996","37,8754537890001","-1,31662193299996"
164,jose toran,guadalquivir,Andalucía,Sevilla,"Abastecimiento
Defensa frente avenidas","37.747910849,-5.48482468099996","37,747910849","-5,48482468099996"
165,juan benet,duero,Castilla Y León,León,"Abastecimiento
Ganadero
Defensa frente avenidas","42.9289238740001,-5.29306586099995","42,9289238740001","-5,29306586099995"
166,lago negro,ebro,Cataluña,Lleida,"Abastecimiento
Defensa frente avenidas","42.5422861970001,1.04058219400002","42,5422861970001","1,04058219400002"
167,lanuza,ebro,Aragón,Huesca,Abastecimiento,"42.750213783,-0.314386454999976","42,750213783","-0,314386454999976"
168,laverne,ebro,Aragón,Zaragoza,"Abastecimiento
Defensa frente avenidas","42.0789372090001,-1.06992073099997","42,0789372090001","-1,06992073099997"
169,lebrija,guadalquivir,Andalucía,Sevilla,Abastecimiento,"36.960900983,-6.04259056299998","36,960900983","-6,04259056299998"
170,"limonero, el",cuencas mediterraneas andaluzas,Andalucía,Málaga,"Abastecimiento
Defensa frente avenidas","36.758417373,-4.43246489999996","36,758417373","-4,43246489999996"
171,linares del arroyo,duero,Castilla Y León,Segovia,"Abastecimiento
Defensa frente avenidas","41.527351971,-3.55592977299995","41,527351971","-3,55592977299995"
172,llauset,ebro,Aragón,Huesca,Hidroeléctrico,"42.5809309520001,0.694450386000028","42,5809309520001","0,694450386000028"
173,"llosa del cavall, la",cuencas internas de cataluña,Cataluña,Lleida,"Abastecimiento
Defensa frente avenidas","42.099721345,1.58281131400003","42,099721345","1,58281131400003"
174,loriguilla,jucar,Comunitat Valenciana,"València,Valencia","Abastecimiento
Hidroeléctrico
Ganadero
Defensa frente avenidas","39.6655252350001,-0.91324766799994","39,6655252350001","-0,91324766799994"
175,"machos, los","tinto, odiel y piedras",Andalucía,Huelva,"Abastecimiento
Defensa frente avenidas","37.314011421,-7.20394871099995","37,314011421","-7,20394871099995"
176,maidevera,ebro,Aragón,Zaragoza,"Abastecimiento
Defensa frente avenidas","41.5738088460001,-1.76909459999996","41,5738088460001","-1,76909459999996"
177,malpasillo jauja,guadalquivir,Andalucía,Córdoba,"Hidroeléctrico
Ganadero
Defensa frente avenidas","37.2991506870001,-4.67681989599993","37,2991506870001","-4,67681989599993"
178,malvecino,ebro,Aragón,Zaragoza,"Abastecimiento
Defensa frente avenidas","42.198660902,-1.39084274799995","42,198660902","-1,39084274799995"
179,mansilla,ebro,La Rioja,La Rioja,"Abastecimiento
Ganadero
Defensa frente avenidas","42.158172941,-2.91170796899996","42,158172941","-2,91170796899996"
180,manzanares el real,tajo,Comunidad De Madrid,Madrid,"Abastecimiento
Defensa frente avenidas","40.7068520460001,-3.81876584399993","40,7068520460001","-3,81876584399993"
181,maria cristina,jucar,Comunitat Valenciana,"Castelló,Castellón","Abastecimiento
Defensa frente avenidas","40.0282904270001,-0.163969956999949","40,0282904270001","-0,163969956999949"
182,marisanchez,guadiana,Castilla - La Mancha,Ciudad Real,Abastecimiento,"38.692281984,-3.27666098199995","38,692281984","-3,27666098199995"
183,matalavilla,miño-sil,Castilla Y León,León,Abastecimiento,"42.8344463670001,-6.45355737699998","42,8344463670001","-6,45355737699998"
184,mediajo,cantabrico occidental,Cantabria,Cantabria,Abastecimiento,"43.089135608,-4.02396184799994","43,089135608","-4,02396184799994"
185,mediano,ebro,Aragón,Huesca,"Abastecimiento
Defensa frente avenidas","42.313617417,0.21073754300005","42,313617417","0,21073754300005"
186,"minilla, la",guadalquivir,Andalucía,Sevilla,"Abastecimiento
Defensa frente avenidas","37.664790501,-6.18562063899998","37,664790501","-6,18562063899998"
187,"molinos de matachel, los",guadiana,Extremadura,Badajoz,"Abastecimiento
Defensa frente avenidas","38.5329287000001,-6.12167919199993","38,5329287000001","-6,12167919199993"
188,monteagudo de las vicarias,ebro,Castilla Y León,Soria,Abastecimiento,"41.380343456,-2.17816542799994","41,380343456","-2,17816542799994"
189,montearagon,ebro,Aragón,Huesca,"Abastecimiento
Defensa frente avenidas","42.18258301,-0.361405771999955","42,18258301","-0,361405771999955"
190,montefurado,miño-sil,Galicia,Lugo,Abastecimiento,"42.390996026,-7.21834378999995","42,390996026","-7,21834378999995"
191,montijo,guadiana,Extremadura,Badajoz,"Abastecimiento
Defensa frente avenidas","38.9236610560001,-6.42868094199997","38,9236610560001","-6,42868094199997"
192,navacerrada,tajo,Comunidad De Madrid,Madrid,Abastecimiento,"40.7150019000001,-4.00500334299994","40,7150019000001","-4,00500334299994"
193,navalcan,tajo,Castilla - La Mancha,Toledo,"Abastecimiento
Ganadero
Defensa frente avenidas","40.0482099480001,-5.14236058399996","40,0482099480001","-5,14236058399996"
194,navamuño,tajo,Castilla Y León,Salamanca,Abastecimiento,"40.347880305,-5.77448415699996","40,347880305","-5,77448415699996"
195,negratin,guadalquivir,Andalucía,Granada,"Abastecimiento
Defensa frente avenidas","37.561163702,-2.95478834199997","37,561163702","-2,95478834199997"
196,nogales,guadiana,Extremadura,Badajoz,"Abastecimiento
Defensa frente avenidas","38.563891508,-6.73651674799993","38,563891508","-6,73651674799993"
197,nuestra señora del agavanzal,duero,Castilla Y León,Zamora,"Abastecimiento
Defensa frente avenidas","41.9780455630001,-6.14139184999993","41,9780455630001","-6,14139184999993"
198,oliana,ebro,Cataluña,Lleida,"Abastecimiento
Hidroeléctrico
Ganadero
Defensa frente avenidas","42.092702178,1.29406967700004","42,092702178","1,29406967700004"
199,ordunte,cantabrico oriental,Castilla Y León,Burgos,Abastecimiento,"43.1604152670001,-3.28388846399997","43,1604152670001","-3,28388846399997"
200,orellana,guadiana,Extremadura,Badajoz,"Abastecimiento
Hidroeléctrico
Ganadero
Defensa frente avenidas","38.986024098,-5.53804342499996","38,986024098","-5,53804342499996"
201,pajares,ebro,La Rioja,La Rioja,"Abastecimiento
Ganadero
Defensa frente avenidas","42.0890324270001,-2.61013101999993","42,0890324270001","-2,61013101999993"
202,palmaces,tajo,Castilla - La Mancha,Guadalajara,Abastecimiento,"41.050474754,-2.93994336499998","41,050474754","-2,93994336499998"
203,"pardo, el",tajo,Comunidad De Madrid,Madrid,"Defensa frente avenidas
Riego
Regulación","40.5387773260001,-3.78893109799998","40,5387773260001","-3,78893109799998"
204,"peares, los",miño-sil,Galicia,Lugo,Abastecimiento,"42.4651371640001,-7.72374446699996","42,4651371640001","-7,72374446699996"
205,"pedrera, la",segura,Comunitat Valenciana,"Alacant,Alicante","Abastecimiento
Ganadero
Defensa frente avenidas","38.0319004410001,-0.866921024999954","38,0319004410001","-0,866921024999954"
206,pena,ebro,Aragón,Teruel,"Abastecimiento
Defensa frente avenidas","40.8194375680001,0.134230182000067","40,8194375680001","0,134230182000067"
207,"peña, la",ebro,Aragón,Huesca,Abastecimiento,"42.3833827130001,-0.735549655999932","42,3833827130001","-0,735549655999932"
208,peñarroya,guadiana,Castilla - La Mancha,Ciudad Real,"Abastecimiento
Defensa frente avenidas","39.0603072490001,-3.00679625799995","39,0603072490001","-3,00679625799995"
209,peñarrubia,miño-sil,Galicia,Ourense,Abastecimiento,"42.4564492920001,-6.81942030899995","42,4564492920001","-6,81942030899995"
210,picadas,tajo,Comunidad De Madrid,Madrid,"Abastecimiento
Ganadero
Defensa frente avenidas","40.3333175330001,-4.24917123099993","40,3333175330001","-4,24917123099993"
211,piedra aguda,guadiana,Extremadura,Badajoz,"Abastecimiento
Defensa frente avenidas","38.68712586,-7.02207805699993","38,68712586","-7,02207805699993"
212,piedras,"tinto, odiel y piedras",Andalucía,Huelva,"Abastecimiento
Defensa frente avenidas","37.366812629,-7.26645658799993","37,366812629","-7,26645658799993"
213,"pinilla, la",tajo,Comunidad De Madrid,Madrid,"Abastecimiento
Defensa frente avenidas","40.944954572,-3.77411887299996","40,944954572","-3,77411887299996"
214,"pintado, el",guadalquivir,Andalucía,Sevilla,"Abastecimiento
Defensa frente avenidas","37.9842195160001,-5.95427318399993","37,9842195160001","-5,95427318399993"
215,ponton alto,duero,Castilla Y León,Segovia,Abastecimiento,"40.9150074830001,-4.03624107199994","40,9150074830001","-4,03624107199994"
216,"portas, las",miño-sil,Galicia,Ourense,Abastecimiento,"42.1144376730001,-7.20922708099994","42,1144376730001","-7,20922708099994"
217,"portillo, el",guadalquivir,Andalucía,Granada,"Abastecimiento
Defensa frente avenidas","37.8040083020001,-2.78730105799997","37,8040083020001","-2,78730105799997"
218,"portiña, la",tajo,Castilla - La Mancha,Toledo,Abastecimiento,"39.996548874,-4.84137628499997","39,996548874","-4,84137628499997"
219,portodemouros,galicia-costa,Galicia,Pontevedra,Abastecimiento,"42.856207614,-8.19033879699998","42,856207614","-8,19033879699998"
220,prada,miño-sil,Galicia,Ourense,Abastecimiento,"42.310674749,-7.04066238099995","42,310674749","-7,04066238099995"
221,puebla de cazalla,guadalquivir,Andalucía,Sevilla,"Abastecimiento
Defensa frente avenidas","37.1297715490001,-5.24330867699996","37,1297715490001","-5,24330867699996"
222,puente nuevo,guadalquivir,Andalucía,Córdoba,"Abastecimiento
Ganadero
Defensa frente avenidas","38.08606718,-4.92546965099996","38,08606718","-4,92546965099996"
223,puente porto,duero,Castilla Y León,Zamora,Abastecimiento,"42.1158687330001,-6.83043827699993","42,1158687330001","-6,83043827699993"
224,puentes iv,segura,Región De Murcia,Murcia,"Abastecimiento
Defensa frente avenidas","37.7347336080001,-1.81922575299996","37,7347336080001","-1,81922575299996"
225,puentes viejas,tajo,Comunidad De Madrid,Madrid,Abastecimiento,"40.9931510110001,-3.57146299099998","40,9931510110001","-3,57146299099998"
226,puerto de vallehermoso,guadiana,Castilla - La Mancha,Ciudad Real,Abastecimiento,"38.8679274180001,-3.16849076499994","38,8679274180001","-3,16849076499994"
227,quentar,guadalquivir,Andalucía,Granada,"Abastecimiento
Ganadero
Defensa frente avenidas","37.2032970490001,-3.43802682299997","37,2032970490001","-3,43802682299997"
228,quiebrajano,guadalquivir,Andalucía,Jaén,Abastecimiento,"37.6330053230001,-3.72850877899998","37,6330053230001","-3,72850877899998"
229,"regajo, el",jucar,Comunitat Valenciana,"Castelló,Castellón","Abastecimiento
Defensa frente avenidas","39.8898591060001,-0.524556912999969","39,8898591060001","-0,524556912999969"
230,requejada,duero,Castilla Y León,Palencia,"Abastecimiento
Minería
Industrial
Hidroeléctrico
Ganadero
Defensa frente avenidas","42.9062072310001,-4.52945603999996","42,9062072310001","-4,52945603999996"
231,respomuso,ebro,Aragón,Huesca,Abastecimiento,"42.8156272250001,-0.297330793999947","42,8156272250001","-0,297330793999947"
232,retortillo,guadalquivir,Andalucía,Sevilla,"Abastecimiento
Defensa frente avenidas","37.8413896820001,-5.34934339699993","37,8413896820001","-5,34934339699993"
233,rialb,ebro,Cataluña,Lleida,"Abastecimiento
Ganadero
Defensa frente avenidas","41.939892881,1.19279358700004","41,939892881","1,19279358700004"
234,riaño,duero,Castilla Y León,León,"Abastecimiento
Hidroeléctrico
Riego
Defensa frente avenidas","42.933746397,-5.08475288599993","42,933746397","-5,08475288599993"
235,ribarroja,ebro,Cataluña,Tarragona,"Abastecimiento
Defensa frente avenidas
Hidroeléctrico","41.2436146920001,0.432598110000072","41,2436146920001","0,432598110000072"
236,ricobayo,duero,Castilla Y León,Zamora,Abastecimiento,"41.527467749,-5.98543277699997","41,527467749","-5,98543277699997"
237,riolobos,duero,Castilla Y León,Salamanca,Abastecimiento,"41.006227376,-5.30342870499993","41,006227376","-5,30342870499993"
238,riosequillo,tajo,Comunidad De Madrid,Madrid,"Abastecimiento
Defensa frente avenidas","40.9846013600001,-3.64825393599995","40,9846013600001","-3,64825393599995"
239,riudecanyes,cuencas internas de cataluña,Cataluña,Tarragona,"Abastecimiento
Defensa frente avenidas","41.133459546,0.958540952000021","41,133459546","0,958540952000021"
240,rivera de gata,tajo,Extremadura,Cáceres,"Abastecimiento
Defensa frente avenidas","40.1331552600001,-6.64763777499996","40,1331552600001","-6,64763777499996"
241,"rodeos, los",segura,Región De Murcia,Murcia,Abastecimiento,"38.0434511560001,-1.29443525699998","38,0434511560001","-1,29443525699998"
242,rosarito,tajo,Castilla Y León,Ávila,"Abastecimiento
Defensa frente avenidas","40.110346936,-5.32378188799993","40,110346936","-5,32378188799993"
243,"rozas, las",miño-sil,Castilla Y León,León,"Abastecimiento
Defensa frente avenidas","42.9069858300001,-6.35038478399997","42,9069858300001","-6,35038478399997"
244,ruecas,guadiana,Extremadura,Cáceres,"Abastecimiento
Hidroeléctrico
Ganadero
Defensa frente avenidas","39.267439745,-5.49598021299994","39,267439745","-5,49598021299994"
245,rules,cuencas mediterraneas andaluzas,Andalucía,Granada,"Abastecimiento
Ganadero
Defensa frente avenidas","36.860509918,-3.49543042599993","36,860509918","-3,49543042599993"
246,rumblar,guadalquivir,Andalucía,Jaén,"Abastecimiento
Defensa frente avenidas","38.1606132000001,-3.80533125699998","38,1606132000001","-3,80533125699998"
247,salas,miño-sil,Galicia,Ourense,Abastecimiento,"41.9246563240001,-7.94313212699996","41,9246563240001","-7,94313212699996"
248,sallente,ebro,Cataluña,Lleida,Abastecimiento,"42.5003709690001,0.991459934000034","42,5003709690001","0,991459934000034"
249,salor,tajo,Extremadura,Cáceres,Abastecimiento,"39.363901431,-6.30464727599997","39,363901431","-6,30464727599997"
250,san anton,cantabrico oriental,Comunidad Foral De Navarra,Navarra,Abastecimiento,"43.277117956,-1.77374675199997","43,277117956","-1,77374675199997"
251,san clemente,guadalquivir,Andalucía,Granada,Abastecimiento,"37.8575319010001,-2.64936869299993","37,8575319010001","-2,64936869299993"
252,san jose,duero,Castilla Y León,Valladolid,"Abastecimiento
Defensa frente avenidas","41.403921299,-5.27303186899996","41,403921299","-5,27303186899996"
253,san juan,tajo,Comunidad De Madrid,Madrid,"Abastecimiento
Ganadero
Defensa frente avenidas","40.373071902,-4.31198048099998","40,373071902","-4,31198048099998"
254,san pedro,miño-sil,Galicia,Lugo,"Hidroeléctrico
Abastecimiento","42.4527079760001,-7.71396403899996","42,4527079760001","-7,71396403899996"
255,san sebastian,miño-sil,Galicia,Ourense,Abastecimiento,"42.1443419570001,-6.94769548399995","42,1443419570001","-6,94769548399995"
256,"sancho, el","tinto, odiel y piedras",Andalucía,Huelva,"Abastecimiento
Defensa frente avenidas","37.4610614040001,-6.98278512099995","37,4610614040001","-6,98278512099995"
257,sant ponc,cuencas internas de cataluña,Cataluña,Lleida,"Abastecimiento
Ganadero
Defensa frente avenidas","41.9629241380001,1.60560158600003","41,9629241380001","1,60560158600003"
258,santa ana,ebro,Aragón,Huesca,"Abastecimiento
Ganadero
Defensa frente avenidas","41.8825060980001,0.580849584000021","41,8825060980001","0,580849584000021"
259,santa eulalia,miño-sil,Galicia,Ourense,"Abastecimiento
Hidroeléctrico","42.3483453630001,-7.06397987999998","42,3483453630001","-7,06397987999998"
260,santa maria belsue,ebro,Aragón,Huesca,Abastecimiento,"42.30237966,-0.347295588999941","42,30237966","-0,347295588999941"
261,santa teresa,duero,Castilla Y León,Salamanca,"Abastecimiento
Ganadero
Defensa frente avenidas","40.666865961,-5.60128066699997","40,666865961","-5,60128066699997"
262,santolea,ebro,Aragón,Teruel,"Abastecimiento
Ganadero
Defensa frente avenidas","40.772565747,-0.31769404299996","40,772565747","-0,31769404299996"
263,santomera,segura,Región De Murcia,Murcia,"Abastecimiento
Defensa frente avenidas","38.0953790500001,-1.08850565499995","38,0953790500001","-1,08850565499995"
264,sau,cuencas internas de cataluña,Cataluña,Barcelona,"Abastecimiento
Hidroeléctrico
Ganadero
Defensa frente avenidas","41.967837526,2.41280096100007","41,967837526","2,41280096100007"
265,saucelle,duero,Castilla Y León,Salamanca,Abastecimiento,"41.047128807,-6.80401964899994","41,047128807","-6,80401964899994"
266,sequeiros,miño-sil,Galicia,Lugo,Abastecimiento,"42.450804406,-7.25122124099994","42,450804406","-7,25122124099994"
267,"serena, la",guadiana,Extremadura,Badajoz,"Abastecimiento
Hidroeléctrico
Ganadero
Defensa frente avenidas","38.9127291240001,-5.41330542299994","38,9127291240001","-5,41330542299994"
268,serones,duero,Castilla Y León,Ávila,Abastecimiento,"40.6897420190001,-4.47398559699997","40,6897420190001","-4,47398559699997"
269,sichar,jucar,Comunitat Valenciana,"Castelló,Castellón","Abastecimiento
Defensa frente avenidas","40.0100628180001,-0.231145701999935","40,0100628180001","-0,231145701999935"
270,sierra boyera,guadalquivir,Andalucía,Córdoba,Abastecimiento,"38.2579828190001,-5.22281439599993","38,2579828190001","-5,22281439599993"
271,sierra brava,guadiana,Extremadura,Cáceres,"Abastecimiento
Hidroeléctrico
Ganadero
Defensa frente avenidas","39.1932626620001,-5.64510043299993","39,1932626620001","-5,64510043299993"
272,sobron,ebro,País Vasco,"Araba,Álava",Abastecimiento,"42.767126621,-3.10021329299997","42,767126621","-3,10021329299997"
273,sotiel,"tinto, odiel y piedras",Andalucía,Huelva,Abastecimiento,"37.712180796,-6.80803912999994","37,712180796","-6,80803912999994"
274,"sotonera, la",ebro,Aragón,Huesca,"Abastecimiento
Ganadero
Defensa frente avenidas","42.102575195,-0.676812114999962","42,102575195","-0,676812114999962"
275,susqueda,cuencas internas de cataluña,Cataluña,Girona,"Abastecimiento
Hidroeléctrico
Ganadero
Defensa frente avenidas","41.979226356,2.52687350900004","41,979226356","2,52687350900004"
276,taibilla,segura,Castilla - La Mancha,Albacete,Abastecimiento,"38.192427536,-2.26193352199994","38,192427536","-2,26193352199994"
277,"tajera, la",tajo,Castilla - La Mancha,Guadalajara,"Abastecimiento
Ganadero
Defensa frente avenidas","40.839152359,-2.61773660099993","40,839152359","-2,61773660099993"
278,talarn,ebro,Cataluña,Lleida,"Abastecimiento
Defensa frente avenidas","42.179589596,0.913197954000054","42,179589596","0,913197954000054"
279,"talave, el",segura,Castilla - La Mancha,Albacete,"Abastecimiento
Hidroeléctrico
Ganadero
Defensa frente avenidas","38.5085969190001,-1.86470514699994","38,5085969190001","-1,86470514699994"
280,tanes,cantabrico occidental,Principado De Asturias,Asturias,"Abastecimiento
Defensa frente avenidas","43.220949729,-5.42776056999998","43,220949729","-5,42776056999998"
281,"toba, la",jucar,Castilla - La Mancha,Cuenca,Abastecimiento,"40.2100666220001,-1.92215366299996","40,2100666220001","-1,92215366299996"
282,"torcas, las",ebro,Aragón,Zaragoza,"Abastecimiento
Defensa frente avenidas","41.294686266,-1.08744698599997","41,294686266","-1,08744698599997"
283,"torcon, el",tajo,Castilla - La Mancha,Toledo,Abastecimiento,"39.6252768730001,-4.38550029999993","39,6252768730001","-4,38550029999993"
284,torre de abraham,guadiana,Castilla - La Mancha,Ciudad Real,"Abastecimiento
Defensa frente avenidas","39.368362071,-4.25458640099993","39,368362071","-4,25458640099993"
285,torre del aguila,guadalquivir,Andalucía,Sevilla,Abastecimiento,"37.042369367,-5.75897830099996","37,042369367","-5,75897830099996"
286,tous,jucar,Comunitat Valenciana,"València,Valencia","Abastecimiento
Ganadero
Defensa frente avenidas","39.13201271,-0.651384200999928","39,13201271","-0,651384200999928"
287,tranco de beas,guadalquivir,Andalucía,Jaén,"Abastecimiento
Defensa frente avenidas","38.1742016740001,-2.79602526599996","38,1742016740001","-2,79602526599996"
288,"tranquera, la",ebro,Aragón,Zaragoza,"Abastecimiento
Defensa frente avenidas","41.262569371,-1.79716175699997","41,262569371","-1,79716175699997"
289,ulldecona,jucar,Comunitat Valenciana,"Castelló,Castellón","Abastecimiento
Defensa frente avenidas","40.670915209,0.233962578000046","40,670915209","0,233962578000046"
290,ullivarri,ebro,País Vasco,"Araba,Álava","Abastecimiento
Ganadero
Defensa frente avenidas","42.9292733350001,-2.61677326299997","42,9292733350001","-2,61677326299997"
291,urdalur,ebro,Comunidad Foral De Navarra,Navarra,Abastecimiento,"42.916911187,-2.23343148499993","42,916911187","-2,23343148499993"
292,urkulu,cantabrico oriental,País Vasco,"Gipuzkoa,Guipúzcoa",Abastecimiento,"43.0225055220001,-2.47053633499996","43,0225055220001","-2,47053633499996"
293,urrunaga,ebro,País Vasco,"Araba,Álava","Abastecimiento
Defensa frente avenidas","42.957875626,-2.65412456499996","42,957875626","-2,65412456499996"
294,uzquiza,duero,Castilla Y León,Burgos,"Abastecimiento
Defensa frente avenidas","42.304453472,-3.36854357999994","42,304453472","-3,36854357999994"
295,vadiello,ebro,Aragón,Huesca,"Abastecimiento
Defensa frente avenidas","42.2412072050001,-0.278563394999935","42,2412072050001","-0,278563394999935"
296,"vado, el",tajo,Castilla - La Mancha,Guadalajara,Abastecimiento,"41.0034892630001,-3.30090199199998","41,0034892630001","-3,30090199199998"
297,vadomojon,guadalquivir,Andalucía,Jaén,"Abastecimiento
Defensa frente avenidas","37.6389097580001,-4.22658613199997","37,6389097580001","-4,22658613199997"
298,val,ebro,Aragón,Zaragoza,"Abastecimiento
Ganadero
Defensa frente avenidas","41.8757919440001,-1.78697264699997","41,8757919440001","-1,78697264699997"
299,valdecañas,tajo,Extremadura,Cáceres,"Abastecimiento
Defensa frente avenidas","39.7781074380001,-5.61185123699994","39,7781074380001","-5,61185123699994"
300,valdeinfierno,segura,Región De Murcia,Murcia,"Abastecimiento
Defensa frente avenidas","37.8054910990001,-1.96467018699997","37,8054910990001","-1,96467018699997"
301,valdeobispo,tajo,Extremadura,Cáceres,"Abastecimiento
Defensa frente avenidas","40.099036471,-6.25053019799998","40,099036471","-6,25053019799998"
302,valmayor,tajo,Comunidad De Madrid,Madrid,Abastecimiento,"40.535345943,-4.04728874499995","40,535345943","-4,04728874499995"
303,valparaiso,duero,Castilla Y León,Zamora,Abastecimiento,"41.9931549560001,-6.27147818599997","41,9931549560001","-6,27147818599997"
304,valuengo,guadiana,Extremadura,Badajoz,"Abastecimiento
Defensa frente avenidas","38.301870679,-6.67658085999994","38,301870679","-6,67658085999994"
305,"vega del jabalon, la",guadiana,Castilla - La Mancha,Ciudad Real,Abastecimiento,"38.7610742730001,-3.78659975599993","38,7610742730001","-3,78659975599993"
306,velle,miño-sil,Galicia,Ourense,"Abastecimiento
Defensa frente avenidas","42.357859342,-7.85142526699997","42,357859342","-7,85142526699997"
307,viboras,guadalquivir,Andalucía,Jaén,"Abastecimiento
Defensa frente avenidas","37.639127269,-4.01175384999993","37,639127269","-4,01175384999993"
308,vilagudin,galicia-costa,Galicia,A Coruña,Abastecimiento,"43.0945645850001,-8.49268471099998","43,0945645850001","-8,49268471099998"
309,vilasouto,miño-sil,Galicia,Lugo,"Abastecimiento
Defensa frente avenidas","42.660979092,-7.42345703199993","42,660979092","-7,42345703199993"
310,villagonzalo,duero,Castilla Y León,Salamanca,"Abastecimiento
Industrial
Hidroeléctrico
Ganadero
Defensa frente avenidas","40.8732344370001,-5.49557555299998","40,8732344370001","-5,49557555299998"
311,villalcampo,duero,Castilla Y León,Zamora,Abastecimiento,"41.4911858350001,-6.08484394399994","41,4911858350001","-6,08484394399994"
312,villameca,duero,Castilla Y León,León,"Abastecimiento
Ganadero
Defensa frente avenidas","42.6484728770001,-6.07216067399997","42,6484728770001","-6,07216067399997"
313,villar del rey,guadiana,Extremadura,Badajoz,"Abastecimiento
Ganadero
Defensa frente avenidas","39.1519574230001,-6.86669007999996","39,1519574230001","-6,86669007999996"
314,"villar, el",tajo,Comunidad De Madrid,Madrid,"Abastecimiento
Defensa frente avenidas","40.9474491760001,-3.56294228099995","40,9474491760001","-3,56294228099995"
315,villaseca,miño-sil,Castilla Y León,León,Abastecimiento,"42.9499617270001,-6.23165102999997","42,9499617270001","-6,23165102999997"
316,"viñuela, la",cuencas mediterraneas andaluzas,Andalucía,Málaga,"Abastecimiento
Defensa frente avenidas","36.8603996900001,-4.16443532799997","36,8603996900001","-4,16443532799997"
317,yeguas,guadalquivir,Andalucía,Córdoba,"Abastecimiento
Defensa frente avenidas","38.067110868,-4.25109803499993","38,067110868","-4,25109803499993"
318,yesa,ebro,Comunidad Foral De Navarra,Navarra,"Abastecimiento
Defensa frente avenidas","42.615335069,-1.18301587299993","42,615335069","-1,18301587299993"
319,zahara,guadalete y barbate,Andalucía,Cádiz,Abastecimiento,"36.855621898,-5.38972319099997","36,855621898","-5,38972319099997"
320,zocueca,guadalquivir,Andalucía,Jaén,"Abastecimiento
Defensa frente avenidas","38.095561881,-3.83109787299998","38,095561881","-3,83109787299998"
321,zujar,guadiana,Extremadura,Badajoz,"Abastecimiento
Hidroeléctrico
Ganadero
Defensa frente avenidas","38.917254642,-5.47935710499996","38,917254642","-5,47935710499996"
